[
    {
        "ClassName":"info-wrapper one",
        "Num":"12",
        "descr":"Overhead Token Distribution"
    },
    {
        "ClassName":"info-wrapper two",
        "Num":"23",
        "descr":"Supporting Blockchain "
    },
    {
        "ClassName":"info-wrapper four",
        "Num":"08",
        "descr":"Engineers and R&amp;D"
    },
    {
        "ClassName":"info-wrapper five",
        "Num":"07",
        "descr":" Paltform Operations"
    },
    {
        "ClassName":"info-wrapper three",
        "Num":"05",
        "descr":"Network Growth Marketing"
    },
    {
        "ClassName":"info-wrapper six",
        "Num":"08",
        "descr":"Oracle Network Developers"
    },
    {
        "ClassName":"info-wrapper seven",
        "Num":"05",
        "descr":"Engineers and R&amp;D"
    },
    {
        "ClassName":"info-wrapper eight",
        "Num":"27",
        "descr":" Paltform Operations"
    }
]