[
    {
        "ClassTop":"col-12 col-md-6 col-lg-4",
        "ClassDown":"contribution-c-wapper has-arrow-right-lg has-arrow-top-md has-arrow-right-md has-arrow-down-sm",
        "ClassSteps":"gradient-t orange",
        "Steps":1,
        "title":"Creative Chart Modules"
    },
    {
        "ClassTop":"col-12 col-md-6 col-lg-4 mt-sm-30",
        "ClassDown":"contribution-c-wapper has-arrow-right-lg has-arrow-bottom-md has-arrow-down-sm",
        "ClassSteps":"gradient-t pink",
        "Steps":2,
        "title":"Adaptive Social Assistant"
    },
    {
        "ClassTop":"col-12 col-md-6 col-lg-4 mt-s",
        "ClassDown":"contribution-c-wapper has-arrow-top-md has-arrow-down-sm",
        "ClassSteps":"gradient-t blue",
        "Steps":3,
        "title":"Ecommerce Embedded"
    }

]